{
	"name": "Fase1",
	"layers": [
		{
			"name": "Camada 0",
			"overriden": 0,
			"subLayers": [
				{
					"name": "Camada 1",
					"overriden": 0,
					"subLayers": [],
					"instances": [
						{
							"type": "PlanoDeFundoEmBlocos",
							"properties": {
								"initially-visible": true,
								"origin": "top-left",
								"wrap-horizontal": "repeat",
								"wrap-vertical": "repeat",
								"image-offset-x": 0,
								"image-offset-y": 0,
								"image-scale-x": 1,
								"image-scale-y": 1,
								"image-angle": 0,
								"enable-tile-randomization": false,
								"x-random": 1,
								"y-random": 1,
								"angle-random": 1,
								"blend-margin-x": 0.1,
								"blend-margin-y": 0.1
							},
							"uid": 2,
							"sid": 639757522333776,
							"tags": "",
							"instanceVariables": {},
							"behaviors": {},
							"instanceFolderItem": {
								"sid": 639757522333776,
								"expanded": true,
								"folderName": "",
								"indexInFolder": -1,
								"folderNestingLevel": -1
							},
							"showing": true,
							"locked": false,
							"world": {
								"x": 1,
								"y": 2,
								"width": 852,
								"height": 477,
								"originX": 0,
								"originY": 0,
								"color": [
									1,
									1,
									1,
									1
								],
								"angle": 0,
								"zElevation": 0
							}
						},
						{
							"type": "Coração",
							"properties": {
								"initially-visible": true,
								"initial-animation": "Vida2",
								"initial-frame": 0,
								"enable-collisions": true,
								"live-preview": false
							},
							"uid": 25,
							"sid": 375593663084148,
							"tags": "",
							"instanceVariables": {},
							"behaviors": {},
							"instanceFolderItem": {
								"sid": 375593663084148,
								"expanded": true,
								"folderName": "",
								"indexInFolder": -1,
								"folderNestingLevel": -1
							},
							"showing": true,
							"locked": false,
							"world": {
								"x": 766,
								"y": 32,
								"width": 46,
								"height": 44,
								"originX": 0.5,
								"originY": 0.5,
								"color": [
									1,
									1,
									1,
									1
								],
								"angle": 0,
								"zElevation": 0
							}
						},
						{
							"type": "Coração",
							"properties": {
								"initially-visible": true,
								"initial-animation": "Vida3",
								"initial-frame": 0,
								"enable-collisions": true,
								"live-preview": false
							},
							"uid": 26,
							"sid": 303264923280819,
							"tags": "",
							"instanceVariables": {},
							"behaviors": {},
							"instanceFolderItem": {
								"sid": 303264923280819,
								"expanded": true,
								"folderName": "",
								"indexInFolder": -1,
								"folderNestingLevel": -1
							},
							"showing": true,
							"locked": false,
							"world": {
								"x": 824,
								"y": 32,
								"width": 46,
								"height": 44,
								"originX": 0.5,
								"originY": 0.5,
								"color": [
									1,
									1,
									1,
									1
								],
								"angle": 0,
								"zElevation": 0
							}
						},
						{
							"type": "Vida",
							"properties": {
								"text": "VIDAS: 3",
								"enable-bbcode": true,
								"font": "Arial",
								"size": 12,
								"line-height": 0,
								"bold": false,
								"italic": false,
								"color": [
									0,
									0,
									0,
									1
								],
								"horizontal-alignment": "left",
								"vertical-alignment": "top",
								"wrapping": "word",
								"text-direction": "ltr",
								"icon-set": -1,
								"initially-visible": true,
								"origin": "top-left",
								"read-aloud": false
							},
							"uid": 27,
							"sid": 213869774768695,
							"tags": "",
							"instanceVariables": {},
							"behaviors": {},
							"instanceFolderItem": {
								"sid": 213869774768695,
								"expanded": true,
								"folderName": "",
								"indexInFolder": -1,
								"folderNestingLevel": -1
							},
							"showing": true,
							"locked": false,
							"world": {
								"x": 615,
								"y": 20,
								"width": 72,
								"height": 30,
								"originX": 0,
								"originY": 0,
								"color": [
									1,
									1,
									1,
									1
								],
								"angle": 0,
								"zElevation": 0
							}
						}
					],
					"sid": 983528891365787,
					"effectTypes": [],
					"isInitiallyVisible": true,
					"isInitiallyInteractive": true,
					"isHTMLElementsLayer": false,
					"color": [
						1,
						1,
						1,
						1
					],
					"backgroundColor": [
						0.3686274509803922,
						0.3686274509803922,
						0.3686274509803922,
						1
					],
					"isTransparent": true,
					"parallaxX": 1,
					"parallaxY": 1,
					"scaleRate": 1,
					"forceOwnTexture": false,
					"renderingMode": "3d",
					"drawOrder": "z-order",
					"useRenderCells": false,
					"blendMode": "normal",
					"zElevation": 0,
					"global": false
				}
			],
			"instances": [
				{
					"type": "SemMundial",
					"properties": {
						"initially-visible": true,
						"initial-animation": "SemMundial",
						"initial-frame": 0,
						"enable-collisions": true,
						"live-preview": false
					},
					"uid": 3,
					"sid": 709530204666995,
					"tags": "",
					"instanceVariables": {},
					"behaviors": {
						"CentrarEm": {
							"properties": {
								"enabled": true
							}
						},
						"RestritoAoLayout": {
							"properties": {
								"bound-by": "edge"
							}
						},
						"Plataforma": {
							"properties": {
								"max-speed": 330,
								"acceleration": 1500,
								"deceleration": 1500,
								"jump-strength": 650,
								"gravity": 1500,
								"max-fall-speed": 1000,
								"double-jump": false,
								"jump-sustain": 0,
								"default-controls": true,
								"enabled": true
							}
						}
					},
					"instanceFolderItem": {
						"sid": 709530204666995,
						"expanded": true,
						"folderName": "",
						"indexInFolder": -1,
						"folderNestingLevel": -1
					},
					"showing": true,
					"locked": false,
					"world": {
						"x": 120,
						"y": 226,
						"width": 36,
						"height": 51,
						"originX": 0.5,
						"originY": 0.5,
						"color": [
							1,
							1,
							1,
							1
						],
						"angle": 0,
						"zElevation": 0
					}
				},
				{
					"type": "Espinho",
					"properties": {
						"initially-visible": true,
						"initial-animation": "Espinho",
						"initial-frame": 0,
						"enable-collisions": true,
						"live-preview": false
					},
					"uid": 4,
					"sid": 352451330588963,
					"tags": "",
					"instanceVariables": {},
					"behaviors": {
						"Sólido": {
							"properties": {
								"enabled": true,
								"tags": ""
							}
						}
					},
					"instanceFolderItem": {
						"sid": 352451330588963,
						"expanded": true,
						"folderName": "",
						"indexInFolder": -1,
						"folderNestingLevel": -1
					},
					"showing": true,
					"locked": false,
					"world": {
						"x": 72,
						"y": 441,
						"width": 131,
						"height": 74,
						"originX": 0.5,
						"originY": 0.5,
						"color": [
							1,
							1,
							1,
							1
						],
						"angle": 0,
						"zElevation": 0
					}
				},
				{
					"type": "Espinho",
					"properties": {
						"initially-visible": true,
						"initial-animation": "Espinho",
						"initial-frame": 0,
						"enable-collisions": true,
						"live-preview": false
					},
					"uid": 5,
					"sid": 886188879808536,
					"tags": "",
					"instanceVariables": {},
					"behaviors": {
						"Sólido": {
							"properties": {
								"enabled": true,
								"tags": ""
							}
						}
					},
					"instanceFolderItem": {
						"sid": 886188879808536,
						"expanded": true,
						"folderName": "",
						"indexInFolder": -1,
						"folderNestingLevel": -1
					},
					"showing": true,
					"locked": false,
					"world": {
						"x": 142,
						"y": 441,
						"width": 131,
						"height": 74,
						"originX": 0.5,
						"originY": 0.5,
						"color": [
							1,
							1,
							1,
							1
						],
						"angle": 0,
						"zElevation": 0
					}
				},
				{
					"type": "Espinho",
					"properties": {
						"initially-visible": true,
						"initial-animation": "Espinho",
						"initial-frame": 0,
						"enable-collisions": true,
						"live-preview": false
					},
					"uid": 6,
					"sid": 602007416567437,
					"tags": "",
					"instanceVariables": {},
					"behaviors": {
						"Sólido": {
							"properties": {
								"enabled": true,
								"tags": ""
							}
						}
					},
					"instanceFolderItem": {
						"sid": 602007416567437,
						"expanded": true,
						"folderName": "",
						"indexInFolder": -1,
						"folderNestingLevel": -1
					},
					"showing": true,
					"locked": false,
					"world": {
						"x": 236,
						"y": 442,
						"width": 131,
						"height": 74,
						"originX": 0.5,
						"originY": 0.5,
						"color": [
							1,
							1,
							1,
							1
						],
						"angle": 0,
						"zElevation": 0
					}
				},
				{
					"type": "Espinho",
					"properties": {
						"initially-visible": true,
						"initial-animation": "Espinho",
						"initial-frame": 0,
						"enable-collisions": true,
						"live-preview": false
					},
					"uid": 7,
					"sid": 930016169984719,
					"tags": "",
					"instanceVariables": {},
					"behaviors": {
						"Sólido": {
							"properties": {
								"enabled": true,
								"tags": ""
							}
						}
					},
					"instanceFolderItem": {
						"sid": 930016169984719,
						"expanded": true,
						"folderName": "",
						"indexInFolder": -1,
						"folderNestingLevel": -1
					},
					"showing": true,
					"locked": false,
					"world": {
						"x": 435,
						"y": 441,
						"width": 131,
						"height": 74,
						"originX": 0.5,
						"originY": 0.5,
						"color": [
							1,
							1,
							1,
							1
						],
						"angle": 0,
						"zElevation": 0
					}
				},
				{
					"type": "Espinho",
					"properties": {
						"initially-visible": true,
						"initial-animation": "Espinho",
						"initial-frame": 0,
						"enable-collisions": true,
						"live-preview": false
					},
					"uid": 8,
					"sid": 173879855005942,
					"tags": "",
					"instanceVariables": {},
					"behaviors": {
						"Sólido": {
							"properties": {
								"enabled": true,
								"tags": ""
							}
						}
					},
					"instanceFolderItem": {
						"sid": 173879855005942,
						"expanded": true,
						"folderName": "",
						"indexInFolder": -1,
						"folderNestingLevel": -1
					},
					"showing": true,
					"locked": false,
					"world": {
						"x": 644,
						"y": 443,
						"width": 131,
						"height": 74,
						"originX": 0.5,
						"originY": 0.5,
						"color": [
							1,
							1,
							1,
							1
						],
						"angle": 0,
						"zElevation": 0
					}
				},
				{
					"type": "Espinho",
					"properties": {
						"initially-visible": true,
						"initial-animation": "Espinho",
						"initial-frame": 0,
						"enable-collisions": true,
						"live-preview": false
					},
					"uid": 9,
					"sid": 992271195150641,
					"tags": "",
					"instanceVariables": {},
					"behaviors": {
						"Sólido": {
							"properties": {
								"enabled": true,
								"tags": ""
							}
						}
					},
					"instanceFolderItem": {
						"sid": 992271195150641,
						"expanded": true,
						"folderName": "",
						"indexInFolder": -1,
						"folderNestingLevel": -1
					},
					"showing": true,
					"locked": false,
					"world": {
						"x": 732,
						"y": 443,
						"width": 131,
						"height": 74,
						"originX": 0.5,
						"originY": 0.5,
						"color": [
							1,
							1,
							1,
							1
						],
						"angle": 0,
						"zElevation": 0
					}
				},
				{
					"type": "Espinho",
					"properties": {
						"initially-visible": true,
						"initial-animation": "Espinho",
						"initial-frame": 0,
						"enable-collisions": true,
						"live-preview": false
					},
					"uid": 10,
					"sid": 206740342878228,
					"tags": "",
					"instanceVariables": {},
					"behaviors": {
						"Sólido": {
							"properties": {
								"enabled": true,
								"tags": ""
							}
						}
					},
					"instanceFolderItem": {
						"sid": 206740342878228,
						"expanded": true,
						"folderName": "",
						"indexInFolder": -1,
						"folderNestingLevel": -1
					},
					"showing": true,
					"locked": false,
					"world": {
						"x": 544,
						"y": 442,
						"width": 131,
						"height": 74,
						"originX": 0.5,
						"originY": 0.5,
						"color": [
							1,
							1,
							1,
							1
						],
						"angle": 0,
						"zElevation": 0
					}
				},
				{
					"type": "Espinho",
					"properties": {
						"initially-visible": true,
						"initial-animation": "Espinho",
						"initial-frame": 0,
						"enable-collisions": true,
						"live-preview": false
					},
					"uid": 11,
					"sid": 218072936409603,
					"tags": "",
					"instanceVariables": {},
					"behaviors": {
						"Sólido": {
							"properties": {
								"enabled": true,
								"tags": ""
							}
						}
					},
					"instanceFolderItem": {
						"sid": 218072936409603,
						"expanded": true,
						"folderName": "",
						"indexInFolder": -1,
						"folderNestingLevel": -1
					},
					"showing": true,
					"locked": false,
					"world": {
						"x": 338,
						"y": 441,
						"width": 131,
						"height": 74,
						"originX": 0.5,
						"originY": 0.5,
						"color": [
							1,
							1,
							1,
							1
						],
						"angle": 0,
						"zElevation": 0
					}
				},
				{
					"type": "Espinho",
					"properties": {
						"initially-visible": true,
						"initial-animation": "Espinho",
						"initial-frame": 0,
						"enable-collisions": true,
						"live-preview": false
					},
					"uid": 12,
					"sid": 750512408538506,
					"tags": "",
					"instanceVariables": {},
					"behaviors": {
						"Sólido": {
							"properties": {
								"enabled": true,
								"tags": ""
							}
						}
					},
					"instanceFolderItem": {
						"sid": 750512408538506,
						"expanded": true,
						"folderName": "",
						"indexInFolder": -1,
						"folderNestingLevel": -1
					},
					"showing": true,
					"locked": false,
					"world": {
						"x": 802,
						"y": 443,
						"width": 112,
						"height": 74,
						"originX": 0.5,
						"originY": 0.5,
						"color": [
							1,
							1,
							1,
							1
						],
						"angle": 0,
						"zElevation": 0
					}
				},
				{
					"type": "Bloco",
					"properties": {
						"initially-visible": true,
						"initial-animation": "Bloco",
						"initial-frame": 0,
						"enable-collisions": true,
						"live-preview": false
					},
					"uid": 13,
					"sid": 699567488301403,
					"tags": "",
					"instanceVariables": {},
					"behaviors": {
						"Sólido": {
							"properties": {
								"enabled": true,
								"tags": ""
							}
						}
					},
					"instanceFolderItem": {
						"sid": 699567488301403,
						"expanded": true,
						"folderName": "",
						"indexInFolder": -1,
						"folderNestingLevel": -1
					},
					"showing": true,
					"locked": false,
					"world": {
						"x": 78,
						"y": 351,
						"width": 126,
						"height": 32,
						"originX": 0.5,
						"originY": 0.5,
						"color": [
							1,
							1,
							1,
							1
						],
						"angle": 0,
						"zElevation": 0
					}
				},
				{
					"type": "Bloco",
					"properties": {
						"initially-visible": true,
						"initial-animation": "Bloco",
						"initial-frame": 0,
						"enable-collisions": true,
						"live-preview": false
					},
					"uid": 14,
					"sid": 399308994661256,
					"tags": "",
					"instanceVariables": {},
					"behaviors": {
						"Sólido": {
							"properties": {
								"enabled": true,
								"tags": ""
							}
						}
					},
					"instanceFolderItem": {
						"sid": 399308994661256,
						"expanded": true,
						"folderName": "",
						"indexInFolder": -1,
						"folderNestingLevel": -1
					},
					"showing": true,
					"locked": false,
					"world": {
						"x": 239,
						"y": 329,
						"width": 78,
						"height": 32,
						"originX": 0.5,
						"originY": 0.5,
						"color": [
							1,
							1,
							1,
							1
						],
						"angle": 0,
						"zElevation": 0
					}
				},
				{
					"type": "Bloco",
					"properties": {
						"initially-visible": true,
						"initial-animation": "Bloco",
						"initial-frame": 0,
						"enable-collisions": true,
						"live-preview": false
					},
					"uid": 15,
					"sid": 484375242239532,
					"tags": "",
					"instanceVariables": {},
					"behaviors": {
						"Sólido": {
							"properties": {
								"enabled": true,
								"tags": ""
							}
						}
					},
					"instanceFolderItem": {
						"sid": 484375242239532,
						"expanded": true,
						"folderName": "",
						"indexInFolder": -1,
						"folderNestingLevel": -1
					},
					"showing": true,
					"locked": false,
					"world": {
						"x": 426.5,
						"y": 297,
						"width": 115,
						"height": 32,
						"originX": 0.5,
						"originY": 0.5,
						"color": [
							1,
							1,
							1,
							1
						],
						"angle": 0,
						"zElevation": 0
					}
				},
				{
					"type": "Bloco",
					"properties": {
						"initially-visible": true,
						"initial-animation": "Bloco",
						"initial-frame": 0,
						"enable-collisions": true,
						"live-preview": false
					},
					"uid": 16,
					"sid": 874881559992326,
					"tags": "",
					"instanceVariables": {},
					"behaviors": {
						"Sólido": {
							"properties": {
								"enabled": true,
								"tags": ""
							}
						}
					},
					"instanceFolderItem": {
						"sid": 874881559992326,
						"expanded": true,
						"folderName": "",
						"indexInFolder": -1,
						"folderNestingLevel": -1
					},
					"showing": true,
					"locked": false,
					"world": {
						"x": 589,
						"y": 252,
						"width": 126,
						"height": 32,
						"originX": 0.5,
						"originY": 0.5,
						"color": [
							1,
							1,
							1,
							1
						],
						"angle": 0,
						"zElevation": 0
					}
				},
				{
					"type": "Bloco",
					"properties": {
						"initially-visible": true,
						"initial-animation": "Bloco",
						"initial-frame": 0,
						"enable-collisions": true,
						"live-preview": false
					},
					"uid": 17,
					"sid": 616964520748676,
					"tags": "",
					"instanceVariables": {},
					"behaviors": {
						"Sólido": {
							"properties": {
								"enabled": true,
								"tags": ""
							}
						}
					},
					"instanceFolderItem": {
						"sid": 616964520748676,
						"expanded": true,
						"folderName": "",
						"indexInFolder": -1,
						"folderNestingLevel": -1
					},
					"showing": true,
					"locked": false,
					"world": {
						"x": 776,
						"y": 183,
						"width": 126,
						"height": 32,
						"originX": 0.5,
						"originY": 0.5,
						"color": [
							1,
							1,
							1,
							1
						],
						"angle": 0,
						"zElevation": 0
					}
				},
				{
					"type": "Maçã",
					"properties": {
						"initially-visible": true,
						"initial-animation": "Maçã",
						"initial-frame": 0,
						"enable-collisions": true,
						"live-preview": false
					},
					"uid": 18,
					"sid": 749461039288328,
					"tags": "",
					"instanceVariables": {},
					"behaviors": {},
					"instanceFolderItem": {
						"sid": 749461039288328,
						"expanded": true,
						"folderName": "",
						"indexInFolder": -1,
						"folderNestingLevel": -1
					},
					"showing": true,
					"locked": false,
					"world": {
						"x": 585,
						"y": 226,
						"width": 24,
						"height": 25,
						"originX": 0.5,
						"originY": 0.5,
						"color": [
							1,
							1,
							1,
							1
						],
						"angle": 0,
						"zElevation": 0
					}
				},
				{
					"type": "Maçã",
					"properties": {
						"initially-visible": true,
						"initial-animation": "Maçã",
						"initial-frame": 0,
						"enable-collisions": true,
						"live-preview": false
					},
					"uid": 19,
					"sid": 446644256206896,
					"tags": "",
					"instanceVariables": {},
					"behaviors": {},
					"instanceFolderItem": {
						"sid": 446644256206896,
						"expanded": true,
						"folderName": "",
						"indexInFolder": -1,
						"folderNestingLevel": -1
					},
					"showing": true,
					"locked": false,
					"world": {
						"x": 810,
						"y": 154,
						"width": 24,
						"height": 25,
						"originX": 0.5,
						"originY": 0.5,
						"color": [
							1,
							1,
							1,
							1
						],
						"angle": 0,
						"zElevation": 0
					}
				},
				{
					"type": "Maçã",
					"properties": {
						"initially-visible": true,
						"initial-animation": "Maçã",
						"initial-frame": 0,
						"enable-collisions": true,
						"live-preview": false
					},
					"uid": 20,
					"sid": 954731489544264,
					"tags": "",
					"instanceVariables": {},
					"behaviors": {},
					"instanceFolderItem": {
						"sid": 954731489544264,
						"expanded": true,
						"folderName": "",
						"indexInFolder": -1,
						"folderNestingLevel": -1
					},
					"showing": true,
					"locked": false,
					"world": {
						"x": 432,
						"y": 267,
						"width": 24,
						"height": 25,
						"originX": 0.5,
						"originY": 0.5,
						"color": [
							1,
							1,
							1,
							1
						],
						"angle": 0,
						"zElevation": 0
					}
				},
				{
					"type": "Coração",
					"properties": {
						"initially-visible": true,
						"initial-animation": "Vida1",
						"initial-frame": 0,
						"enable-collisions": true,
						"live-preview": false
					},
					"uid": 24,
					"sid": 195932227990890,
					"tags": "",
					"instanceVariables": {},
					"behaviors": {},
					"instanceFolderItem": {
						"sid": 195932227990890,
						"expanded": true,
						"folderName": "",
						"indexInFolder": -1,
						"folderNestingLevel": -1
					},
					"showing": true,
					"locked": false,
					"world": {
						"x": 709,
						"y": 33,
						"width": 46,
						"height": 44,
						"originX": 0.5,
						"originY": 0.5,
						"color": [
							1,
							1,
							1,
							1
						],
						"angle": 0,
						"zElevation": 0
					}
				}
			],
			"sid": 302674499159288,
			"effectTypes": [],
			"isInitiallyVisible": true,
			"isInitiallyInteractive": true,
			"isHTMLElementsLayer": false,
			"color": [
				1,
				1,
				1,
				1
			],
			"backgroundColor": [
				0.3686274509803922,
				0.3686274509803922,
				0.3686274509803922,
				1
			],
			"isTransparent": false,
			"parallaxX": 1,
			"parallaxY": 1,
			"scaleRate": 1,
			"forceOwnTexture": false,
			"renderingMode": "3d",
			"drawOrder": "z-order",
			"useRenderCells": false,
			"blendMode": "normal",
			"zElevation": 0,
			"global": false
		}
	],
	"scene-graphs-folder-root": {
		"items": [],
		"subfolders": []
	},
	"sid": 562238300475350,
	"nonworld-instances": [],
	"effectTypes": [],
	"width": 852,
	"height": 477,
	"unboundedScrolling": false,
	"vpX": 0.5,
	"vpY": 0.5,
	"projection": "perspective",
	"eventSheet": "Folha de eventos 1"
}