{"propertiesBar":{"properties":[{"name":"Layout","expanded":true,"children":[{"name":"Tamanho","expanded":false,"children":[]},{"name":"Ponto de fuga","expanded":false,"children":[]}]},{"name":"Efeitos","expanded":true,"children":[]},{"name":"Editor","expanded":true,"children":[{"name":"Margens","expanded":false,"children":[]},{"name":"Tamanho do grid","expanded":false,"children":[]},{"name":"Deslocamento do grid","expanded":false,"children":[]}]}],"scrollPosition":0},"layersBar":{"name":"<root>","children":[{"name":"Camada 0","expanded":true,"children":[]}]},"grid":{"show":false,"snap":false,"width":32,"height":32,"offsetX":0,"offsetY":0},"marginWidth":1000,"marginHeight":1000,"showCollisionPolygons":false,"showMeshes":false,"showTranslucentInactiveLayers":false,"showSceneGraphConnections":true,"tabColor":[0.8000000000000002,0.9999999999999999,0.8500000000000001,1],"tabTextColor":null,"layers":[{"name":"Camada 0","propertiesBar":{"properties":[{"name":"Propriedades da camada","expanded":true,"children":[]},{"name":"Centralização e zoom","expanded":true,"children":[{"name":"Parallax","expanded":false,"children":[]}]},{"name":"Aparência","expanded":true,"children":[]},{"name":"Efeitos","expanded":true,"children":[]},{"name":"Editor","expanded":true,"children":[]}],"scrollPosition":0},"visibleInEditor":true,"locked":false,"parallaxInEditor":false,"opacity":1,"translucent":false}],"instancesRoot":{"expanded":true,"subfolders":[],"misc":{"global":true,"layout":[]}},"view":{"x":289.3414045899185,"y":337.8144647931076,"z":156.59440498325964,"activeLayer":"Camada 0"},"selectedInstances":[],"lockedInstances":[],"instanceCollections":[{"uids":[29],"properties":{"properties":[{"name":"Propriedades do tipo de objeto","expanded":true,"children":[]},{"name":"Comum","expanded":true,"children":[{"name":"Posição","expanded":false,"children":[]},{"name":"Tamanho","expanded":false,"children":[]}]},{"name":"Variáveis de instância","expanded":true,"children":[]},{"name":"Comportamentos","expanded":true,"children":[]},{"name":"Efeitos","expanded":true,"children":[]},{"name":"Container","expanded":true,"children":[]},{"name":"Template","expanded":true,"children":[]},{"name":"Propriedades","expanded":true,"children":[]},{"name":"Acessibilidade","expanded":true,"children":[]},{"name":"[Editor]","expanded":true,"children":[]}],"scrollPosition":0}},{"uids":[29],"properties":{"properties":[{"name":"Propriedades do tipo de objeto","expanded":true,"children":[]},{"name":"Comum","expanded":true,"children":[{"name":"Posição","expanded":false,"children":[]},{"name":"Tamanho","expanded":false,"children":[]}]},{"name":"Variáveis de instância","expanded":true,"children":[]},{"name":"Comportamentos","expanded":true,"children":[]},{"name":"Efeitos","expanded":true,"children":[]},{"name":"Container","expanded":true,"children":[]},{"name":"Template","expanded":true,"children":[]},{"name":"Propriedades","expanded":true,"children":[]},{"name":"Acessibilidade","expanded":true,"children":[]},{"name":"[Editor]","expanded":true,"children":[]}],"scrollPosition":0}},{"uids":[30],"properties":{"properties":[{"name":"Propriedades do tipo de objeto","expanded":true,"children":[]},{"name":"Comum","expanded":true,"children":[{"name":"Posição","expanded":false,"children":[]},{"name":"Tamanho","expanded":false,"children":[]}]},{"name":"Variáveis de instância","expanded":true,"children":[]},{"name":"Comportamentos","expanded":true,"children":[]},{"name":"Efeitos","expanded":true,"children":[]},{"name":"Container","expanded":true,"children":[]},{"name":"Template","expanded":true,"children":[]},{"name":"Propriedades","expanded":true,"children":[]},{"name":"Acessibilidade","expanded":true,"children":[]},{"name":"[Editor]","expanded":true,"children":[]}],"scrollPosition":0}},{"uids":[31],"properties":{"properties":[{"name":"Propriedades do tipo de objeto","expanded":true,"children":[]},{"name":"Comum","expanded":true,"children":[{"name":"Posição","expanded":false,"children":[]},{"name":"Tamanho","expanded":false,"children":[]}]},{"name":"Variáveis de instância","expanded":true,"children":[]},{"name":"Comportamentos","expanded":true,"children":[]},{"name":"Efeitos","expanded":true,"children":[]},{"name":"Container","expanded":true,"children":[]},{"name":"Template","expanded":true,"children":[]},{"name":"Propriedades","expanded":true,"children":[]},{"name":"[Editor]","expanded":true,"children":[]}],"scrollPosition":0}},{"uids":[28],"properties":{"properties":[{"name":"Propriedades do tipo de objeto","expanded":true,"children":[]},{"name":"Comum","expanded":true,"children":[{"name":"Posição","expanded":false,"children":[]},{"name":"Tamanho","expanded":false,"children":[]}]},{"name":"Variáveis de instância","expanded":true,"children":[]},{"name":"Comportamentos","expanded":true,"children":[]},{"name":"Efeitos","expanded":true,"children":[]},{"name":"Container","expanded":true,"children":[]},{"name":"Template","expanded":true,"children":[]},{"name":"Propriedades","expanded":true,"children":[]},{"name":"Transformar imagem","expanded":true,"children":[]},{"name":"Randomização de blocos","expanded":true,"children":[]},{"name":"[Editor]","expanded":true,"children":[]}],"scrollPosition":0}},{"uids":[31],"properties":{"properties":[{"name":"Propriedades do tipo de objeto","expanded":true,"children":[]},{"name":"Comum","expanded":true,"children":[{"name":"Posição","expanded":false,"children":[]},{"name":"Tamanho","expanded":false,"children":[]}]},{"name":"Variáveis de instância","expanded":true,"children":[]},{"name":"Comportamentos","expanded":true,"children":[]},{"name":"Efeitos","expanded":true,"children":[]},{"name":"Container","expanded":true,"children":[]},{"name":"Template","expanded":true,"children":[]},{"name":"Propriedades","expanded":true,"children":[]},{"name":"Acessibilidade","expanded":true,"children":[]},{"name":"[Editor]","expanded":true,"children":[]}],"scrollPosition":0}},{"uids":[32],"properties":{"properties":[{"name":"Propriedades do tipo de objeto","expanded":true,"children":[]},{"name":"Comum","expanded":true,"children":[{"name":"Posição","expanded":false,"children":[]},{"name":"Tamanho","expanded":false,"children":[]}]},{"name":"Variáveis de instância","expanded":true,"children":[]},{"name":"Comportamentos","expanded":true,"children":[]},{"name":"Efeitos","expanded":true,"children":[]},{"name":"Container","expanded":true,"children":[]},{"name":"Template","expanded":true,"children":[]},{"name":"Propriedades","expanded":true,"children":[]},{"name":"Acessibilidade","expanded":true,"children":[]},{"name":"[Editor]","expanded":true,"children":[]}],"scrollPosition":0}}]}