{
	"name": "Tela Game Over",
	"layers": [
		{
			"name": "Camada 0",
			"overriden": 0,
			"subLayers": [],
			"instances": [
				{
					"type": "PlanoDeFundoEmBlocos2",
					"properties": {
						"initially-visible": true,
						"origin": "top-left",
						"wrap-horizontal": "repeat",
						"wrap-vertical": "repeat",
						"image-offset-x": 0,
						"image-offset-y": 0,
						"image-scale-x": 1,
						"image-scale-y": 1,
						"image-angle": 0,
						"enable-tile-randomization": false,
						"x-random": 1,
						"y-random": 1,
						"angle-random": 1,
						"blend-margin-x": 0.1,
						"blend-margin-y": 0.1
					},
					"uid": 28,
					"sid": 604139914939161,
					"tags": "",
					"instanceVariables": {},
					"behaviors": {},
					"instanceFolderItem": {
						"sid": 604139914939161,
						"expanded": true,
						"folderName": "",
						"indexInFolder": -1,
						"folderNestingLevel": -1
					},
					"showing": true,
					"locked": false,
					"world": {
						"x": 2,
						"y": 2,
						"width": 849,
						"height": 477,
						"originX": 0,
						"originY": 0,
						"color": [
							1,
							1,
							1,
							1
						],
						"angle": 0,
						"zElevation": 0
					}
				},
				{
					"type": "GameOver",
					"properties": {
						"text": "Game Over",
						"enable-bbcode": true,
						"character-width": 16,
						"character-height": 16,
						"character-set": "ABCDEFGHIJKLMNOPQRSTUVWXYZabcdefghijklmnopqrstuvwxyz0123456789.,;:?!-_~#\"'&()[]|`\\/@°+=*$£€<>",
						"spacing-data": "",
						"scale": 4,
						"character-spacing": 0,
						"line-height": 0,
						"horizontal-alignment": "center",
						"vertical-alignment": "top",
						"wrapping": "word",
						"initially-visible": true,
						"origin": "top-left",
						"read-aloud": false
					},
					"uid": 29,
					"sid": 357426737073893,
					"tags": "",
					"instanceVariables": {},
					"behaviors": {},
					"instanceFolderItem": {
						"sid": 357426737073893,
						"expanded": true,
						"folderName": "",
						"indexInFolder": -1,
						"folderNestingLevel": -1
					},
					"showing": true,
					"locked": false,
					"world": {
						"x": 1,
						"y": 207,
						"width": 848,
						"height": 62,
						"originX": 0,
						"originY": 0,
						"color": [
							1,
							0,
							0,
							1
						],
						"angle": 0,
						"zElevation": 0
					}
				},
				{
					"type": "PlayAgain",
					"properties": {
						"text": "PLAY AGAIN ?",
						"enable-bbcode": true,
						"character-width": 16,
						"character-height": 16,
						"character-set": "ABCDEFGHIJKLMNOPQRSTUVWXYZabcdefghijklmnopqrstuvwxyz0123456789.,;:?!-_~#\"'&()[]|`\\/@°+=*$£€<>",
						"spacing-data": "",
						"scale": 2.5,
						"character-spacing": 0,
						"line-height": 0,
						"horizontal-alignment": "center",
						"vertical-alignment": "top",
						"wrapping": "word",
						"initially-visible": true,
						"origin": "top-left",
						"read-aloud": false
					},
					"uid": 30,
					"sid": 320092391181831,
					"tags": "",
					"instanceVariables": {},
					"behaviors": {},
					"instanceFolderItem": {
						"sid": 320092391181831,
						"expanded": true,
						"folderName": "",
						"indexInFolder": -1,
						"folderNestingLevel": -1
					},
					"showing": true,
					"locked": false,
					"world": {
						"x": 5,
						"y": 283,
						"width": 845,
						"height": 39,
						"originX": 0,
						"originY": 0,
						"color": [
							0,
							0,
							1,
							1
						],
						"angle": 0,
						"zElevation": 0
					}
				},
				{
					"type": "Yes",
					"properties": {
						"text": "YES",
						"enable-bbcode": true,
						"character-width": 16,
						"character-height": 16,
						"character-set": "ABCDEFGHIJKLMNOPQRSTUVWXYZabcdefghijklmnopqrstuvwxyz0123456789.,;:?!-_~#\"'&()[]|`\\/@°+=*$£€<>",
						"spacing-data": "",
						"scale": 1.5,
						"character-spacing": 0,
						"line-height": 0,
						"horizontal-alignment": "left",
						"vertical-alignment": "top",
						"wrapping": "word",
						"initially-visible": true,
						"origin": "top-left",
						"read-aloud": false
					},
					"uid": 31,
					"sid": 367285655242325,
					"tags": "",
					"instanceVariables": {},
					"behaviors": {},
					"instanceFolderItem": {
						"sid": 367285655242325,
						"expanded": true,
						"folderName": "",
						"indexInFolder": -1,
						"folderNestingLevel": -1
					},
					"showing": true,
					"locked": false,
					"world": {
						"x": 299,
						"y": 338,
						"width": 77,
						"height": 30,
						"originX": 0,
						"originY": 0,
						"color": [
							0,
							0,
							0,
							1
						],
						"angle": 0,
						"zElevation": 0
					}
				},
				{
					"type": "No",
					"properties": {
						"text": "NO",
						"enable-bbcode": true,
						"character-width": 16,
						"character-height": 16,
						"character-set": "ABCDEFGHIJKLMNOPQRSTUVWXYZabcdefghijklmnopqrstuvwxyz0123456789.,;:?!-_~#\"'&()[]|`\\/@°+=*$£€<>",
						"spacing-data": "",
						"scale": 1.5,
						"character-spacing": 0,
						"line-height": 0,
						"horizontal-alignment": "left",
						"vertical-alignment": "top",
						"wrapping": "word",
						"initially-visible": true,
						"origin": "top-left",
						"read-aloud": false
					},
					"uid": 32,
					"sid": 176984931590333,
					"tags": "",
					"instanceVariables": {},
					"behaviors": {},
					"instanceFolderItem": {
						"sid": 176984931590333,
						"expanded": true,
						"folderName": "",
						"indexInFolder": -1,
						"folderNestingLevel": -1
					},
					"showing": true,
					"locked": false,
					"world": {
						"x": 413,
						"y": 337,
						"width": 56,
						"height": 30,
						"originX": 0,
						"originY": 0,
						"color": [
							0,
							0,
							0,
							1
						],
						"angle": 0,
						"zElevation": 0
					}
				}
			],
			"sid": 800241569012588,
			"effectTypes": [],
			"isInitiallyVisible": true,
			"isInitiallyInteractive": true,
			"isHTMLElementsLayer": false,
			"color": [
				1,
				1,
				1,
				1
			],
			"backgroundColor": [
				1,
				1,
				1,
				1
			],
			"isTransparent": false,
			"parallaxX": 1,
			"parallaxY": 1,
			"scaleRate": 1,
			"forceOwnTexture": false,
			"renderingMode": "3d",
			"drawOrder": "z-order",
			"useRenderCells": false,
			"blendMode": "normal",
			"zElevation": 0,
			"global": false
		}
	],
	"scene-graphs-folder-root": {
		"items": [],
		"subfolders": []
	},
	"sid": 870480315083064,
	"nonworld-instances": [],
	"effectTypes": [],
	"width": 849,
	"height": 477,
	"unboundedScrolling": false,
	"vpX": 0.5,
	"vpY": 0.5,
	"projection": "perspective",
	"eventSheet": "Folha de eventos Tela Game Over"
}