{
	"name": "Espinho",
	"plugin-id": "Sprite",
	"sid": 319613004673653,
	"isGlobal": false,
	"editorNewInstanceIsReplica": true,
	"instanceVariables": [],
	"behaviorTypes": [
		{
			"behaviorId": "solid",
			"name": "Sólido",
			"sid": 622098777771052
		}
	],
	"effectTypes": [],
	"animations": {
		"items": [
			{
				"frames": [
					{
						"width": 131,
						"height": 74,
						"originX": 0.5,
						"originY": 0.5,
						"originalSource": "",
						"exportFormat": "lossless",
						"exportQuality": 0.8,
						"fileType": "image/png",
						"imageSpriteId": 4952891,
						"collisionPoly": {
							"points": [
								0.6183206106870229,
								0.013513513513513514,
								0.9236641221374046,
								0.28378378378378377,
								0.9923664122137404,
								0.6756756756756757,
								0.6793893129770993,
								1,
								0.183206106870229,
								1,
								0,
								0.5945945945945946,
								0.04580152671755725,
								0.4189189189189189,
								0.183206106870229,
								0.20270270270270271,
								0.4198473282442748,
								0.02702702702702703
							]
						},
						"useCollisionPoly": true,
						"duration": 1,
						"tag": ""
					}
				],
				"sid": 741116795339449,
				"name": "Espinho",
				"isLooping": false,
				"isPingPong": false,
				"repeatCount": 1,
				"repeatTo": 0,
				"speed": 5
			}
		],
		"subfolders": []
	}
}