{
	"name": "Maçã",
	"plugin-id": "Sprite",
	"sid": 814407573790888,
	"isGlobal": false,
	"editorNewInstanceIsReplica": true,
	"instanceVariables": [],
	"behaviorTypes": [],
	"effectTypes": [],
	"animations": {
		"items": [
			{
				"frames": [
					{
						"width": 24,
						"height": 25,
						"originX": 0.5,
						"originY": 0.5,
						"originalSource": "",
						"exportFormat": "lossless",
						"exportQuality": 0.8,
						"fileType": "image/png",
						"imageSpriteId": 2288546,
						"collisionPoly": {
							"points": [
								0.4166666666666667,
								0,
								0.5,
								0,
								0.6666666666666666,
								0.04,
								0.75,
								0.08,
								0.875,
								0.16,
								0.9583333333333334,
								0.28,
								1,
								0.4,
								1,
								0.64,
								0.9583333333333334,
								0.76,
								0.75,
								0.96,
								0.625,
								1,
								0.375,
								1,
								0.20833333333333334,
								0.92,
								0.08333333333333333,
								0.8,
								0.041666666666666664,
								0.72,
								0,
								0.6,
								0,
								0.16,
								0.20833333333333334,
								0.04
							]
						},
						"useCollisionPoly": true,
						"duration": 1,
						"tag": ""
					}
				],
				"sid": 461650129804728,
				"name": "Maçã",
				"isLooping": false,
				"isPingPong": false,
				"repeatCount": 1,
				"repeatTo": 0,
				"speed": 5
			}
		],
		"subfolders": []
	}
}