{
	"name": "SemMundial",
	"plugin-id": "Sprite",
	"sid": 932071989833153,
	"isGlobal": false,
	"editorNewInstanceIsReplica": true,
	"instanceVariables": [],
	"behaviorTypes": [
		{
			"behaviorId": "scrollto",
			"name": "CentrarEm",
			"sid": 273016837785042
		},
		{
			"behaviorId": "bound",
			"name": "RestritoAoLayout",
			"sid": 955647262824885
		},
		{
			"behaviorId": "Platform",
			"name": "Plataforma",
			"sid": 613777736345799
		}
	],
	"effectTypes": [],
	"animations": {
		"items": [
			{
				"frames": [
					{
						"width": 36,
						"height": 51,
						"originX": 0.5,
						"originY": 0.5,
						"originalSource": "",
						"exportFormat": "lossless",
						"exportQuality": 0.8,
						"fileType": "image/png",
						"imageSpriteId": 8543988,
						"collisionPoly": {
							"points": [
								0.3333333333333333,
								0,
								0.6666666666666666,
								0,
								0.8333333333333334,
								0.058823529411764705,
								0.9166666666666666,
								0.11764705882352941,
								0.9722222222222222,
								0.19607843137254902,
								0.9444444444444444,
								0.9019607843137255,
								0.6666666666666666,
								0.9803921568627451,
								0.5555555555555556,
								0.9803921568627451,
								0.3055555555555556,
								0.9411764705882353,
								0.1388888888888889,
								0.8823529411764706,
								0,
								0.803921568627451,
								0.027777777777777776,
								0.19607843137254902,
								0.08333333333333333,
								0.11764705882352941,
								0.16666666666666666,
								0.058823529411764705
							]
						},
						"useCollisionPoly": true,
						"duration": 1,
						"tag": ""
					}
				],
				"sid": 635460235362454,
				"name": "SemMundial",
				"isLooping": false,
				"isPingPong": false,
				"repeatCount": 1,
				"repeatTo": 0,
				"speed": 5
			}
		],
		"subfolders": []
	}
}