[["PlanoDeFundoEmBlocos",{}],["SemMundial",{"animations":"{\"expanded\":true,\"subfolders\":[]}"}],["Espinho",{"animations":"{\"expanded\":true,\"subfolders\":[]}"}],["Bloco",{"animations":"{\"expanded\":true,\"subfolders\":[]}"}],["Maçã",{"animations":"{\"expanded\":true,\"subfolders\":[]}"}],["Coração",{"animations":"{\"expanded\":true,\"subfolders\":[]}"}],["Teclado",{}],["Áudio",{}],["Mouse",{}],["Vida",{}],["PlanoDeFundoEmBlocos2",{}],["FonteDeSprites",{}],["GameOver",{}],["PlayAgain",{}],["Sprite",{"animations":"{\"expanded\":true,\"subfolders\":[]}"}],["Yes",{}],["No",{}]]