{"propertiesBar":{"properties":[{"name":"Sobre","expanded":true,"children":[]},{"name":"Cores","expanded":true,"children":[]},{"name":"Iniciar","expanded":true,"children":[]},{"name":"Exibição","expanded":true,"children":[{"name":"Tamanho da tela","expanded":false,"children":[]}]},{"name":"Avançado","expanded":false,"children":[]},{"name":"Configurações de compatibilidade","expanded":false,"children":[]},{"name":"Editor","expanded":true,"children":[]}],"scrollPosition":0},"openTabs":{"active":{"name":"Folha de eventos 1","type":"eventSheet"},"open":[{"name":"Fase1","type":"layout"},{"name":"Folha de eventos 1","type":"eventSheet"},{"name":"Tela Game Over","type":"layout"},{"name":"Folha de eventos Tela Game Over","type":"eventSheet"}]},"previewEffects":true,"previewBrowser":"default","pauseOnUnfocus":false,"projectBar":{"name":"<root>","children":[{"name":"Jogo1","expanded":true,"children":[{"name":"Layouts","expanded":true,"children":[{"name":"Fase1","expanded":true,"children":[]},{"name":"Tela Game Over","expanded":true,"children":[]}]},{"name":"Folha de eventos","expanded":true,"children":[{"name":"Folha de eventos 1","expanded":true,"children":[]},{"name":"Folha de eventos Tela Game Over","expanded":true,"children":[]}]},{"name":"Scripts","expanded":true,"children":[]},{"name":"Tipos de objeto","expanded":true,"children":[{"name":"Bloco","expanded":true,"children":[]},{"name":"Coração","expanded":true,"children":[]},{"name":"Espinho","expanded":true,"children":[]},{"name":"FonteDeSprites","expanded":true,"children":[]},{"name":"GameOver","expanded":true,"children":[]},{"name":"Maçã","expanded":true,"children":[]},{"name":"Mouse","expanded":true,"children":[]},{"name":"No","expanded":true,"children":[]},{"name":"PlanoDeFundoEmBlocos","expanded":true,"children":[]},{"name":"PlanoDeFundoEmBlocos2","expanded":true,"children":[]},{"name":"PlayAgain","expanded":true,"children":[]},{"name":"SemMundial","expanded":true,"children":[]},{"name":"Sprite","expanded":true,"children":[]},{"name":"Teclado","expanded":true,"children":[]},{"name":"Vida","expanded":true,"children":[]},{"name":"Yes","expanded":true,"children":[]},{"name":"Áudio","expanded":true,"children":[]}]},{"name":"Famílias","expanded":true,"children":[]},{"name":"Linhas do tempo","expanded":true,"children":[{"name":"Atenuações","expanded":false,"children":[]},{"name":"Linha do tempo 1","expanded":true,"children":[]}]},{"name":"Fluxogramas","expanded":true,"children":[{"name":"Fluxograma 1","expanded":true,"children":[]}]},{"name":"Sons","expanded":true,"children":[{"name":"comer.webm","expanded":true,"children":[]},{"name":"Game Over.webm","expanded":true,"children":[]},{"name":"pular.webm","expanded":true,"children":[]},{"name":"Start.webm","expanded":true,"children":[]}]},{"name":"Música","expanded":true,"children":[]},{"name":"Vídeos","expanded":true,"children":[]},{"name":"Fontes","expanded":true,"children":[]},{"name":"Ícones & capturas de tela","expanded":false,"children":[{"name":"icon-128.png","expanded":true,"children":[]},{"name":"icon-16.png","expanded":true,"children":[]},{"name":"icon-256.png","expanded":true,"children":[]},{"name":"icon-32.png","expanded":true,"children":[]},{"name":"icon-512.png","expanded":true,"children":[]},{"name":"icon-64.png","expanded":true,"children":[]},{"name":"loading-logo.png","expanded":true,"children":[]}]},{"name":"Arquivos","expanded":true,"children":[]}]}]},"propertiesBarActiveObject":{"name":"Tela Game Over","type":"layout"}}