{
	"name": "Folha de eventos Tela Game Over",
	"events": [
		{
			"eventType": "block",
			"conditions": [
				{
					"id": "on-start-of-layout",
					"objectClass": "System",
					"sid": 326444506450245
				}
			],
			"actions": [
				{
					"id": "play",
					"objectClass": "Áudio",
					"sid": 210566533839877,
					"parameters": {
						"audio-file": "Game Over",
						"loop": "not-looping",
						"volume": "0",
						"stereo-pan": "0",
						"tag-optional": "\"\""
					}
				}
			],
			"sid": 313928993119048
		},
		{
			"eventType": "block",
			"conditions": [
				{
					"id": "mouse-button-is-down",
					"objectClass": "Mouse",
					"sid": 566416638402525,
					"parameters": {
						"mouse-button": "left"
					}
				}
			],
			"actions": [],
			"sid": 458884363879157
		}
	],
	"sid": 416675934411317
}