{
	"name": "Folha de eventos 1",
	"events": [
		{
			"eventType": "variable",
			"name": "Vidas",
			"type": "number",
			"initialValue": "3",
			"comment": "",
			"isStatic": false,
			"isConstant": false,
			"sid": 562188488479253
		},
		{
			"eventType": "block",
			"conditions": [
				{
					"id": "on-collision-with-another-object",
					"objectClass": "SemMundial",
					"sid": 279743801086385,
					"parameters": {
						"object": "Maçã"
					}
				}
			],
			"actions": [
				{
					"id": "destroy",
					"objectClass": "Maçã",
					"sid": 714242260462218
				},
				{
					"id": "play",
					"objectClass": "Áudio",
					"sid": 706955155018691,
					"parameters": {
						"audio-file": "comer",
						"loop": "not-looping",
						"volume": "0",
						"stereo-pan": "0",
						"tag-optional": "\"\""
					}
				}
			],
			"sid": 113947565888897
		},
		{
			"eventType": "block",
			"conditions": [
				{
					"id": "on-key-pressed",
					"objectClass": "Teclado",
					"sid": 793870767973550,
					"parameters": {
						"key": 37
					}
				}
			],
			"actions": [
				{
					"id": "set-mirrored",
					"objectClass": "SemMundial",
					"sid": 890256136621943,
					"parameters": {
						"state": "mirrored"
					}
				}
			],
			"sid": 926735758196685
		},
		{
			"eventType": "block",
			"conditions": [
				{
					"id": "on-key-pressed",
					"objectClass": "Teclado",
					"sid": 568352576462370,
					"parameters": {
						"key": 39
					}
				}
			],
			"actions": [
				{
					"id": "set-mirrored",
					"objectClass": "SemMundial",
					"sid": 842019022233273,
					"parameters": {
						"state": "not-mirrored"
					}
				}
			],
			"sid": 280022567728525
		},
		{
			"eventType": "block",
			"conditions": [
				{
					"id": "on-collision-with-another-object",
					"objectClass": "SemMundial",
					"sid": 502320786974146,
					"parameters": {
						"object": "Espinho"
					}
				}
			],
			"actions": [
				{
					"id": "subtract-from-eventvar",
					"objectClass": "System",
					"sid": 219100423165537,
					"parameters": {
						"variable": "Vidas",
						"value": "1"
					}
				},
				{
					"id": "set-position",
					"objectClass": "SemMundial",
					"sid": 338393394116290,
					"parameters": {
						"x": "0",
						"y": "0"
					}
				},
				{
					"id": "set-text",
					"objectClass": "Vida",
					"sid": 541770605702303,
					"parameters": {
						"text": "\"VIDAS: \"&Vidas"
					}
				}
			],
			"sid": 161449810060089
		},
		{
			"eventType": "block",
			"conditions": [
				{
					"id": "on-jump",
					"objectClass": "SemMundial",
					"sid": 784369265138256,
					"behaviorType": "Plataforma"
				}
			],
			"actions": [
				{
					"id": "play",
					"objectClass": "Áudio",
					"sid": 380613239901330,
					"parameters": {
						"audio-file": "pular",
						"loop": "not-looping",
						"volume": "0",
						"stereo-pan": "0",
						"tag-optional": "\"\""
					}
				}
			],
			"sid": 640119950374086
		},
		{
			"eventType": "block",
			"conditions": [],
			"actions": [],
			"sid": 473059456614488
		},
		{
			"eventType": "block",
			"conditions": [
				{
					"id": "compare-eventvar",
					"objectClass": "System",
					"sid": 954176535450360,
					"parameters": {
						"variable": "Vidas",
						"comparison": 0,
						"value": "2"
					}
				}
			],
			"actions": [
				{
					"id": "add-remove-animation",
					"objectClass": "Coração",
					"sid": 734815406759334,
					"parameters": {
						"which": "remove",
						"name": "\"Vida1\""
					}
				}
			],
			"sid": 620997400923466
		},
		{
			"eventType": "block",
			"conditions": [
				{
					"id": "compare-eventvar",
					"objectClass": "System",
					"sid": 928562247748554,
					"parameters": {
						"variable": "Vidas",
						"comparison": 0,
						"value": "1"
					}
				}
			],
			"actions": [
				{
					"id": "add-remove-animation",
					"objectClass": "Coração",
					"sid": 458721526210869,
					"parameters": {
						"which": "remove",
						"name": "\"Vida2\""
					}
				}
			],
			"sid": 538414989014750
		},
		{
			"eventType": "block",
			"conditions": [
				{
					"id": "compare-eventvar",
					"objectClass": "System",
					"sid": 253159586606467,
					"parameters": {
						"variable": "Vidas",
						"comparison": 0,
						"value": "5"
					}
				}
			],
			"actions": [
				{
					"id": "go-to-layout",
					"objectClass": "System",
					"sid": 939100150796685,
					"parameters": {
						"layout": "Tela Game Over"
					}
				}
			],
			"sid": 368063604409766
		}
	],
	"sid": 578147435332122
}